{"train_loss": [2.171629400022332, 2.1343686453256483, 2.1157485386125816, 2.102557577070963, 2.095562621603656, 2.087383037501953, 2.0815340635039172, 2.075489844698664, 2.071473341967509, 2.067338642661544, 2.0595840974767174, 2.0526997384070294, 2.054900294419454, 2.0501205018908792, 2.0491084648010083, 2.0472493979382094, 2.0414804529079777, 2.0396916093686777, 2.038007212326096, 2.0348620521032053, 2.0321326998713096, 2.0280731578432665, 2.0279346215247678, 2.0203616323370635, 2.0230153302787217, 2.0220200311833265, 2.0117451989083577, 2.016616490235735, 2.014653637180298, 2.0111142012328784, 2.012044857912502, 2.006796638765223, 2.0031472963275214, 2.0046312297332856, 2.0006155018063345, 1.9989990462378704, 1.998507179715851, 2.0011982581793557, 1.9968513320353374, 1.995205586544633, 1.9962139868547706, 1.9908624491290823, 1.9911418549570838, 1.9886186529523853, 1.988008584858174, 1.9864718174439047, 1.9897621401224947, 1.9933605133419774, 1.9867668722817309, 1.9900304843122703], "train_acc": [0.09744703520059009, 0.10806048436667623, 0.11256812686964718, 0.12379625455886571, 0.13236077531451051, 0.1305167397451133, 0.14973568823505307, 0.15764455189935664, 0.16612711551858378, 0.16174240872023932, 0.1716592222267754, 0.18046961439167317, 0.1801008072777937, 0.1912469778305946, 0.18124820718764087, 0.1916977420808917, 0.19108306355775928, 0.19833627013072164, 0.19911486292668934, 0.1946072204237184, 0.208662869319346, 0.21120354054829324, 0.20911363356964308, 0.21345736179977873, 0.21124451911650208, 0.2221857968282588, 0.225218210875712, 0.22280047535139122, 0.22325123960168833, 0.23165184608449782, 0.22652952505839447, 0.23197967463016841, 0.2289062820145064, 0.24025734540835142, 0.23816743842970126, 0.235626767200754, 0.24472400934311356, 0.23935581690775723, 0.2383723312707454, 0.24705978773101667, 0.24226529525058393, 0.24685489488997253, 0.24415030938819, 0.2457074949801254, 0.24833012334549032, 0.25078883743801994, 0.24546162357087242, 0.24628119493504896, 0.24988730893742572, 0.24751055198131378], "val_loss": [2.1057358053856765, 2.0874133704708613, 2.0738167584468417, 2.061692852227565, 2.056357707968436, 2.0531391904789293, 2.046520140466721, 2.040683331735401, 2.034163737042361, 2.0394953974889036, 2.0318671314870267, 2.029269029526062, 2.0191256108529836, 2.010897812376009, 2.0087735713829398, 2.0087032209592146, 2.00626389968135, 2.0034972300265923, 1.9980423399530562, 1.9989105221065764, 1.993175558527846, 1.9919763201068181, 1.994604263425261, 1.9875291068222818, 1.9836048700064213, 1.977644493233255, 1.9803305713176949, 1.9772815901459067, 1.9731416847337084, 1.9721005845501762, 1.9700438520047923, 1.9668230815538406, 1.9660079288748438, 1.9629274989303964, 1.9611326370248117, 1.958899988443753, 1.9592889204614394, 1.9564987813601424, 1.9555640058964836, 1.954157658416174, 1.9544794009111672, 1.9538068392638877, 1.9517804523207563, 1.9531249825034205, 1.9524413877124849, 1.9552332104719687, 1.9535576618387707, 1.9535829484933374, 1.9516865227092879, 1.951593989612776], "val_acc": [0.12099396191360892, 0.18810961449140734, 0.12470970738504412, 0.1648862052949373, 0.20645610775661868, 0.22573153738968882, 0.23362749651648862, 0.23525313516024152, 0.25104505341384115, 0.24314909428704135, 0.24640037157454714, 0.2166744078030655, 0.2784486762656758, 0.24709707385044125, 0.25359962842545286, 0.26474686483975846, 0.2747329307942406, 0.2840222944728286, 0.2721783557826289, 0.2807710171853228, 0.2768230376219229, 0.2851834649326521, 0.2596377148165351, 0.29006038086391084, 0.2747329307942406, 0.28309335810496983, 0.29447282861124013, 0.29702740362285185, 0.2786809103576405, 0.2861124013005109, 0.30678123548536923, 0.2916860195076637, 0.29238272178355784, 0.2849512308406874, 0.29261495587552255, 0.3179284718996749, 0.29958197863446356, 0.3032977241058987, 0.30817464003715744, 0.3146771946121691, 0.3135160241523456, 0.31142591732466324, 0.31374825824431024, 0.31072921504876916, 0.30933581049698095, 0.31839294008360425, 0.3123548536925221, 0.31490942870413374, 0.31189038550859266, 0.3123548536925221]}