{"train_loss": [2.1742858698352148, 2.1285383970489398, 2.1152065267368636, 2.104325887976438, 2.097824431225808, 2.0887877349359543, 2.078413390656043, 2.0736759298185694, 2.0715422920822557, 2.0649310459500723, 2.061014393555875, 2.0629792497943855, 2.0565018170642855, 2.051214990364559, 2.0499274574947743, 2.0446793534875587, 2.03739595504558, 2.038090707571571, 2.035329286101431, 2.0321190466535133, 2.029239797559922, 2.029032976115497, 2.024943966008315, 2.022432349126114, 2.0240875169087085, 2.0165092651655363, 2.0197241683770892, 2.015100521254441, 2.0125129361995415, 2.0050137343135264, 2.009247252957057, 2.0065466868155895, 2.002708662476094, 2.002446233662006, 2.001203107017086, 1.9998921484154462, 1.9962254032484699, 1.9976267905302314, 1.9943064681546627], "train_acc": [0.09355407122075154, 0.10855222718518215, 0.11420726959800025, 0.13223783960988403, 0.1301889111994427, 0.13502438224808425, 0.14940785968938244, 0.15481703069294758, 0.1557595377617506, 0.16399622997172478, 0.16854485104290456, 0.16665983690529854, 0.19055034217104455, 0.1796090644592878, 0.186657378191206, 0.1871081424415031, 0.19223046346760644, 0.19702495594803918, 0.20108183420071302, 0.20505675531696924, 0.2056304552718928, 0.20743351227308118, 0.21345736179977873, 0.21427693316395524, 0.21624390443797895, 0.21821087571200262, 0.2238659181248207, 0.2215301397369176, 0.22288243248780887, 0.23218456747121255, 0.23304511740359793, 0.23095521042494777, 0.2328402245625538, 0.2351760029504569, 0.23906896693029545, 0.24177355243207801, 0.2403393025447691, 0.247223702003852, 0.23824939556611893], "val_loss": [2.1077612281343963, 2.0900744587888953, 2.071440390304693, 2.063786008332532, 2.0562132559872426, 2.0502066412915534, 2.046951559716139, 2.0468179959227637, 2.0334181633872648, 2.0295089749585626, 2.0298712673266985, 2.0280900914005717, 2.020470845882028, 2.0122464489394214, 2.0168663617128337, 2.0016999542574743, 2.004735958836436, 1.9973398744367856, 2.0027031962726487, 1.9939973386453576, 1.9918129116338295, 1.9912886511044783, 1.9855020572238893, 1.9859296093970413, 1.9822163392486432, 1.981082852585505, 1.9763707251976215, 1.9729678368380166, 1.9697434117059844, 1.9704561098420337, 1.968096257363482, 1.9686657558526208, 1.963291778156938, 1.9611071530354063, 1.963673317316129, 1.9565385074544606, 1.9591090675846565, 1.9566885988711202, 1.9583833133460087], "val_acc": [0.12540640966093822, 0.10798885276358569, 0.1639572689270785, 0.17974918718067812, 0.17998142127264283, 0.1600092893636786, 0.2213190896423595, 0.23757547607988852, 0.23873664653971202, 0.24593590339061774, 0.2858801672085462, 0.24152345564328845, 0.2217835578262889, 0.2663725034835114, 0.2719461216906642, 0.26265675801207616, 0.2791453785415699, 0.2719461216906642, 0.2742684626103112, 0.2779842080817464, 0.286809103576405, 0.25708313980492337, 0.2754296330701347, 0.2856479331165815, 0.2840222944728286, 0.29238272178355784, 0.29702740362285185, 0.2819321876451463, 0.286809103576405, 0.2698560148629819, 0.2942405945192754, 0.2803065490013934, 0.29122155132373434, 0.2840222944728286, 0.2814677194612169, 0.29238272178355784, 0.2872735717603344, 0.29377612633534606, 0.2942405945192754]}