{"train_loss": [2.1920178137719324, 2.1614214907668337, 2.148368610024809, 2.144750145084178, 2.144439104692431, 2.1374603926742224, 2.1373785275912347, 2.133136537521241, 2.1303176602901837, 2.120263493237415, 2.101658219055812, 2.083132029527407, 2.062030925363057, 2.051014563707388, 2.043193291382863, 2.020082582720273, 2.0033661388390493, 1.9914491183688512, 1.977830713012055, 1.9636507154180296, 1.9505749442843792, 1.934111668292418, 1.9315833397753408, 1.9128436100403314, 1.9038008743244395, 1.9017570406737077, 1.8859014553998927, 1.880649787678277, 1.8776152974508076, 1.8680144994956365, 1.8633787810878177, 1.8609439326725852, 1.848215934834861, 1.852286886739979, 1.8489073941254575, 1.846814103479811, 1.8442604091232617, 1.8477387986593314, 1.8390920634924894, 1.8360345700781437, 1.833343100250781, 1.8324819464998714, 1.8362765039512672, 1.834191338085754, 1.8337423201247824, 1.8293834824505992, 1.8319051207780144, 1.8267125607767891, 1.833231005703617, 1.8300776661641627], "train_acc": [0.06540179486128754, 0.05151006023849527, 0.0431504323238946, 0.036225054296602874, 0.03987214686718846, 0.045895996393885995, 0.046305782075974265, 0.04237183952792689, 0.048641560463877395, 0.057779781174445766, 0.07482686554931771, 0.09039872146867188, 0.11293693398352661, 0.1358439536122608, 0.1505552595992296, 0.18641150678195303, 0.21132647625291973, 0.22009588984960865, 0.24529770929803713, 0.25500962996352905, 0.26812277179035365, 0.28951358439536123, 0.297135598082203, 0.3131582182518543, 0.32696799573822893, 0.32901692414867023, 0.34065483751997705, 0.34401508011310084, 0.3546695078473958, 0.359586936032455, 0.36102118591976395, 0.36864319960660574, 0.3734786706552473, 0.37429824201942385, 0.3766749989755358, 0.37876490595418594, 0.38278080563865097, 0.3771257632258329, 0.38216612711551856, 0.37933860590910956, 0.3829037413432775, 0.38704257673236897, 0.38605909109535713, 0.38806704093758965, 0.38900954800639265, 0.38978814080236035, 0.38728844814162194, 0.3881080195057985, 0.3867147481866984, 0.3854034340040159], "val_loss": [2.153492844387148, 2.1427301936408725, 2.143152233616341, 2.140023239700948, 2.149275365010894, 2.1362599293353997, 2.1345584137850566, 2.127574486561947, 2.1180339820762595, 2.0945962045672215, 2.0645042762499437, 2.040762880930389, 2.021683459386015, 2.0057808783682236, 1.992707904194656, 1.9745329592430585, 1.9553150705442948, 1.9326463074004212, 1.9161448769939262, 1.9027405224231804, 1.8850702532379782, 1.875776440168169, 1.8650093619013963, 1.8490393408719075, 1.8386320432174832, 1.836236219543443, 1.8227443506814023, 1.8120222796521184, 1.8073136710146112, 1.7983172394428706, 1.805397125769924, 1.7977679465684124, 1.7918139327917884, 1.7944084594707073, 1.7908662451847288, 1.7843698000165955, 1.779077254169994, 1.7796248871949014, 1.7726648539872265, 1.7758623721485518, 1.7690373537875972, 1.7669915437587627, 1.7688605869530636, 1.7658681441505066, 1.7657552335741793, 1.7668760913059538, 1.7634544597356419, 1.7642566430197724, 1.7642209675496974, 1.7642657075767676], "val_acc": [0.014862981885740827, 0.013934045517882025, 0.013934045517882025, 0.01741755689735253, 0.019275429633070135, 0.01672085462145843, 0.029493729679516953, 0.01648862052949373, 0.03738968880631677, 0.07176033441709243, 0.08313980492336275, 0.1119368323269856, 0.1648862052949373, 0.1711565257779842, 0.19809568044588946, 0.2215513237343242, 0.2686948444031584, 0.2898281467719461, 0.29563399907106364, 0.30143985137018114, 0.3260566651184394, 0.3648397584765444, 0.3525313516024152, 0.3934045517882025, 0.38504412447747327, 0.40664189503019044, 0.396888063167673, 0.4040873200185787, 0.3961913608917789, 0.41384115188109616, 0.4096609382257315, 0.42243381328379004, 0.4291686019507664, 0.42498838829540175, 0.4321876451463075, 0.4349744542498839, 0.4382257315373897, 0.43543892243381327, 0.43288434742220155, 0.4414770088248955, 0.442638179284719, 0.4431026474686484, 0.4407803065490014, 0.4431026474686484, 0.4451927542963307, 0.4400836042731073, 0.444960520204366, 0.4417092429168602, 0.4454249883882954, 0.4424059451927543]}