{
  "train_loss": [
    0.6866624669130232,
    0.6706916213436156,
    0.6685682126490233,
    0.6721229198520918,
    0.6663471056790409,
    0.667453235509195,
    0.6661734207386864,
    0.6678941335164391,
    0.6629564201925121,
    0.6638782381454521,
    0.6599453428028714,
    0.6446288091351946,
    0.6326337230697457,
    0.6162915908229775,
    0.5957776520069821,
    0.5767815774793249,
    0.5525722292714474,
    0.5363557060072717,
    0.5259683279577291,
    0.5080988263881622,
    0.508401780963965,
    0.4936886574762041,
    0.48647641486278037,
    0.4823795381014608,
    0.47554589720117807,
    0.4646405719044472,
    0.46188547052340745,
    0.45795841448444696,
    0.4472308337202386,
    0.4445697074846934,
    0.4418527807328846,
    0.4364749012543267,
    0.4284296596543162,
    0.42770114454222435,
    0.4256580039936368,
    0.4175801603639145,
    0.41464863215070014,
    0.41239841523138426,
    0.4088506262094687,
    0.40511652734447384,
    0.40135897499212736,
    0.3954849084400717,
    0.39379007583640907,
    0.39476573880405713,
    0.3951272689878015,
    0.38926618881818237,
    0.3834293342179384,
    0.3846362473700607,
    0.3803046967782178,
    0.3800556204756015,
    0.37683667598462217,
    0.37530585370439734,
    0.3697055938923813,
    0.37298799880053213,
    0.3703982545849007,
    0.3701582211639746,
    0.36557529118248355,
    0.37076980665595405,
    0.363832418230456,
    0.3581169448243064,
    0.3568871003684658,
    0.3577792083113544,
    0.3512265716611042,
    0.3522616460194564,
    0.3522462836507451,
    0.35100295991456565,
    0.34724581692495565,
    0.34701908679275795,
    0.33959981555484997,
    0.3468344845263942,
    0.3439997889216609,
    0.3409270405053692,
    0.3392415243094365,
    0.3389032332104737,
    0.3371753404691308,
    0.33564240662664613,
    0.337573479411446,
    0.3365535818201271,
    0.33539276525902756,
    0.3348066805889483,
    0.3308072548645254,
    0.3322134094590394,
    0.3326805958441377,
    0.32881263516767295,
    0.32789112354738614,
    0.32767815173981457,
    0.3306457107989792,
    0.3263214998084913,
    0.3283801449496585,
    0.3288599380639637,
    0.32942182027389394,
    0.32337434862019837,
    0.3276944586423481,
    0.32633245125030075,
    0.32756612140570673,
    0.3278951356070299,
    0.3269443968395295,
    0.3269103392528148,
    0.32484352274057887
  ],
  "train_acc": [
    0.1366225464082285,
    0.13518829652091957,
    0.14067942466090236,
    0.1539155021923534,
    0.1643240585173954,
    0.1476457812564029,
    0.15711183051264188,
    0.16838093677006927,
    0.17202802934065484,
    0.17239683645453427,
    0.1643240585173954,
    0.20239314838339548,
    0.20694176945457526,
    0.24980535180100807,
    0.2779576281604721,
    0.3124206040240954,
    0.3414744088841536,
    0.3604474859648404,
    0.37626521329344753,
    0.3885997623243044,
    0.3878211695283367,
    0.40568782526738517,
    0.412818096135721,
    0.419210752776298,
    0.42498873089374256,
    0.42925050198746056,
    0.4383477441298201,
    0.4397410154489202,
    0.449493914682621,
    0.45064131459246815,
    0.4510511002745564,
    0.4600254067122895,
    0.46625414908003115,
    0.466049256238987,
    0.4697373273777814,
    0.48063762652132935,
    0.47637585542761135,
    0.4855140761381797,
    0.4867434331844445,
    0.49227553989263617,
    0.4959226324632217,
    0.49776666803261893,
    0.5007171249436545,
    0.4997336393066426,
    0.4969470966684424,
    0.5059623816743843,
    0.5086669671761669,
    0.505798467401549,
    0.5123140597467525,
    0.5144859238618202,
    0.5165758308404704,
    0.522107937548662,
    0.5210015162070237,
    0.5194033520468795,
    0.5218620661394091,
    0.5205917305249355,
    0.5282547227799861,
    0.5252632873007417,
    0.5305495225996804,
    0.5340327008974306,
    0.5387042576732369,
    0.5362045650124985,
    0.5396877433102487,
    0.5403024218333812,
    0.5421874359709872,
    0.5411629717657666,
    0.5457525714051551,
    0.5489898782936524,
    0.5510388067040938,
    0.5473917141335082,
    0.5536204565012498,
    0.552391099454985,
    0.553128713682744,
    0.5545629635700529,
    0.5550547063885588,
    0.5553415563660206,
    0.5554235135024382,
    0.5573495062082531,
    0.553825349342294,
    0.5573495062082531,
    0.5630045486210712,
    0.5625128058025652,
    0.5593984346186944,
    0.563988034258083,
    0.5607507273695858,
    0.5624718272343564,
    0.560914641642421,
    0.5653403270089743,
    0.5610785559152563,
    0.5623079129615212,
    0.5673482768512068,
    0.568249805351801,
    0.5601770274146621,
    0.5667335983280745,
    0.5614473630291358,
    0.5632504200303241,
    0.5606277916649592,
    0.5616932344383887,
    0.5694791623980658
  ],
  "val_loss": [
    0.6490184222051724,
    0.6505417137216868,
    0.6510896346373055,
    0.6502478481224953,
    0.6491586681692422,
    0.6505975912628316,
    0.6495057531029913,
    0.6448562313554678,
    0.6410698421711264,
    0.6449346849102228,
    0.6321777925068315,
    0.6005568961403949,
    0.5861841459856773,
    0.5580311904964589,
    0.5407136802306798,
    0.5213044174205853,
    0.50633327273286,
    0.48381119638446096,
    0.4712611448609768,
    0.46320126076603957,
    0.4528531836206504,
    0.43971063386989756,
    0.43379555850930396,
    0.43120099999325473,
    0.4267485445175844,
    0.4211106924223335,
    0.41344708378681516,
    0.40990137096011686,
    0.3981560911763506,
    0.39942128522363973,
    0.39191217480345875,
    0.4002134839684477,
    0.38960289160595124,
    0.3945157170794036,
    0.37757913800820714,
    0.37943199618135115,
    0.3809881674318717,
    0.37428278047928853,
    0.37262021612135465,
    0.3743172492459935,
    0.3688008197368271,
    0.3709455281149992,
    0.38427912065637315,
    0.36864512486065815,
    0.3696964323326869,
    0.3676031921361692,
    0.36588751026020455,
    0.3626415625844398,
    0.3638743866863109,
    0.3697339296617787,
    0.35567395130922447,
    0.37090371689628127,
    0.3794047401441954,
    0.3630798238269462,
    0.36429334273047076,
    0.35646507754416673,
    0.35895832762627394,
    0.36208376203976395,
    0.3515714533623573,
    0.35456210095911206,
    0.3556642038181002,
    0.3542957925970921,
    0.3573381176285006,
    0.35456174148330566,
    0.34950169217736016,
    0.34794798343889227,
    0.35206162433290944,
    0.3507455100832681,
    0.35074105961927415,
    0.3457704104355087,
    0.3492524127903729,
    0.3559044046674393,
    0.35325080829058697,
    0.35545719421524474,
    0.354878891465335,
    0.353862619267139,
    0.3493491440554635,
    0.3507189524212495,
    0.34681714452453616,
    0.35084576271491663,
    0.35433938326915365,
    0.354962627021479,
    0.346178967317093,
    0.34748443316787664,
    0.3466945455495668,
    0.35040250593598254,
    0.34374115161711927,
    0.34803949353227603,
    0.35283087607848607,
    0.34755116134286757,
    0.34569442224430585,
    0.35096180168379754,
    0.3494131748988027,
    0.35314179562409426,
    0.3457070509818782,
    0.3467401183459906,
    0.34762589556640433,
    0.3450030664884374,
    0.3454840818962495
  ],