{"train_loss": [2.1881926617055516, 2.1620577156546172, 2.151972550669347, 2.1489896851280004, 2.1432953151196714, 2.1420743286631634, 2.1408761896149366, 2.136290761089196, 2.131213772342336, 2.1259075268240233, 2.111897361404079, 2.0882955429832726, 2.0766597244137013, 2.0588593730788562, 2.047913157314139, 2.0347143079210332, 2.014529144246622, 1.999889773980167, 1.980783470965739, 1.9659693950034358, 1.9485109614352831, 1.938149949749371, 1.9245682028049924, 1.9142801916677923, 1.9006742049899057, 1.8970989206699653, 1.8864780774796708, 1.8844414864955015, 1.8772615213714232, 1.872495977740715, 1.8696719212096886, 1.8656811098854489, 1.856450117313876, 1.8592677069742045, 1.8521738079235808, 1.8498161369692334, 1.8470999192288775, 1.8434256637594189, 1.845078027781339, 1.84028099985517, 1.8417714012991535, 1.8399899312474124, 1.8404153975649837, 1.834744964272, 1.8336804439038354, 1.830833215701386, 1.834917945553669, 1.8301357100968654, 1.8360490608629583, 1.8368293015345176], "train_acc": [0.06650821620292587, 0.05175593164774823, 0.035979182887349914, 0.039339425480473714, 0.03347949022661148, 0.03540548293242634, 0.03544646150063517, 0.04265868950538868, 0.04122443961807974, 0.05290333155759538, 0.07072900872843503, 0.09289841412941031, 0.10650329877474081, 0.11662500512232103, 0.14752284555177642, 0.1672335368602221, 0.1981723558578863, 0.22054665409990576, 0.24271605950088104, 0.25865672253411465, 0.2803753636847929, 0.2967667909683236, 0.3029955333360652, 0.32196861041675207, 0.32823833135270253, 0.3331557595377618, 0.3407777732246035, 0.34708847272876286, 0.3465967299102569, 0.3546695078473958, 0.35319427939187803, 0.36040650739663155, 0.36499610703602015, 0.36700405687825266, 0.3694627709707823, 0.37626521329344753, 0.3779043560218006, 0.37679793468016226, 0.38253493422939805, 0.3841740769577511, 0.3832725484571569, 0.38396918411670694, 0.38913248371101916, 0.3841330983895423, 0.3878211695283367, 0.38737040527803956, 0.38716551243699543, 0.3876982338237102, 0.3859361553907307, 0.3854034340040159], "val_loss": [2.153539850165885, 2.1465020158708343, 2.1403748299208454, 2.137618534851783, 2.145687925057028, 2.139300247928568, 2.135737122350995, 2.133340957382918, 2.1229818786403163, 2.1022648039497556, 2.0682039445796456, 2.0476592295788856, 2.030543637729721, 2.011487282103181, 1.9951158723773592, 1.9776436209512542, 1.9579265054524693, 1.937306677968459, 1.9240243846850786, 1.9021778989823763, 1.8986002587186863, 1.8754421304781603, 1.8572092416172408, 1.8463813580859831, 1.8431269851774046, 1.8404463782622766, 1.830571541274585, 1.8218361787667565, 1.8168196704738704, 1.810840576125808, 1.8130884428551404, 1.8037747236057817, 1.7993458959594528, 1.7991539443087368, 1.7954090243431229, 1.796297662102008, 1.7866399547304046, 1.7877150764589358, 1.7877914935447314, 1.7858849794876837, 1.7845139593176658, 1.7832602122413574, 1.7836270206648972, 1.7770783154841527, 1.7784184742350386, 1.7786631084739801, 1.7803357265962316, 1.7767704355954792, 1.7787456376243622, 1.7794940872520166], "val_acc": [0.03320947515095216, 0.014630747793776126, 0.04226660473757548, 0.01648862052949373, 0.01602415234556433, 0.014862981885740827, 0.01672085462145843, 0.013701811425917325, 0.04784022294472828, 0.05945192754296331, 0.08592661402693916, 0.09521597770552717, 0.09800278680910357, 0.14607524384579657, 0.2243381328379006, 0.21876451463074778, 0.30236878773803993, 0.3123548536925221, 0.3251277287505806, 0.3288434742220158, 0.3376683697166744, 0.35717603344170923, 0.3755225267069206, 0.3864375290292615, 0.3752902926149559, 0.3917789131444496, 0.3848118903855086, 0.37923827217835576, 0.40199721319089643, 0.4001393404551788, 0.4006038086391082, 0.41105434277751973, 0.41941477008824896, 0.4242916860195077, 0.4233627496516489, 0.43172317696237805, 0.41941477008824896, 0.43543892243381327, 0.4233627496516489, 0.4268462610311194, 0.43404551788202506, 0.4370645610775662, 0.4321876451463075, 0.4338132837900604, 0.42847189967487226, 0.4372967951695309, 0.4396191360891779, 0.43056200650255455, 0.43869019972131906, 0.43869019972131906]}