{"train_loss": [2.007272402644133, 1.8381352663792454, 1.7580441475959947, 1.6993328187766878, 1.6645507490088285, 1.6329712989373963, 1.6065456673429035, 1.5802449100072162, 1.5635464863909447, 1.5461229175025115, 1.5191570173026803, 1.5040397706669002, 1.4980496952574072, 1.4758819533494516, 1.4610565556799082, 1.4483681854320267, 1.435017201659455, 1.4267195353414008, 1.4169607912131676, 1.4044662368095826, 1.3916447038255413, 1.3870019829771985, 1.3748082063122176, 1.3675348798608171, 1.3599826272518885, 1.3501179357662028, 1.3497657796054063, 1.341775015505182, 1.3338847406153864, 1.3256577358320885, 1.322493980708867, 1.3118017392876997, 1.311762826474862, 1.3055316297674708, 1.2968658850495212, 1.3018173386326375, 1.291451053697936, 1.2894134233658643, 1.2913491648347417, 1.2866586317064646, 1.2761435886633639, 1.2798626724727837, 1.2764301186276572, 1.2754483052132066, 1.2696614286642907, 1.2736827456813873, 1.2687487550867838, 1.272954657772147, 1.2675789229006071, 1.267540317150734], "train_acc": [0.24103593820431915, 0.3746670491333033, 0.4322419374667049, 0.47268778428881697, 0.5005122321026103, 0.5145678809982379, 0.5344834651477277, 0.5491537925664878, 0.5574724419128796, 0.5657501126910626, 0.5807072900872844, 0.5880424537966643, 0.5977133958939475, 0.6075892308322747, 0.6109084948571897, 0.6182026799983609, 0.626685243617588, 0.6343892144408474, 0.6377084784657624, 0.6417653567184363, 0.6522968487481048, 0.65315739868049, 0.6553702413637668, 0.6639347621194115, 0.6695488259640208, 0.67307298282998, 0.6700405687825267, 0.6726631971478917, 0.6814735893127895, 0.6854485104290456, 0.6877842888169488, 0.6929066098430521, 0.6912264885464902, 0.6952014096627464, 0.7046264803507766, 0.6982338237101996, 0.6999139450067615, 0.705691923124206, 0.7041347375322706, 0.7073310658525591, 0.7082735729213622, 0.712781215424333, 0.7158136294717863, 0.710691308445683, 0.7134778510838832, 0.714461336720895, 0.7167561365405892, 0.7183133221325246, 0.7201573577019219, 0.7140515510388067], "val_loss": [1.8583559679309545, 1.760521357080519, 1.7097167222930618, 1.660329635731298, 1.6444639149124103, 1.6064673001634426, 1.5867107005325296, 1.5975402635139362, 1.561835828626981, 1.5553639520892308, 1.5484103702468979, 1.551317776074478, 1.5342654538497889, 1.5271296851091256, 1.5180153285853542, 1.5111516296614396, 1.5089712743143453, 1.5065960088442827, 1.5016768019641216, 1.5042689975006769, 1.501113670679563, 1.4944401857081093, 1.5063819239098584, 1.502054587664075, 1.4969720119550733, 1.4965867388265055, 1.4851061268512782, 1.4917840737273291, 1.490053809691295, 1.4882468706610255, 1.493578036330879, 1.4909622444422146, 1.4921170140331532, 1.4885317388934087, 1.4874621511779162, 1.4870451311704118, 1.4889854902009658, 1.489428710782467, 1.4821874193961377, 1.4847368457624097, 1.488788634026488, 1.4811846825670099, 1.4879543456818634, 1.4867256653347627, 1.4820406065948386, 1.4813569805758309, 1.4851263289777168, 1.4871655821634124, 1.486460110225403, 1.489864950560992], "val_acc": [0.30143985137018114, 0.41941477008824896, 0.48095680445889455, 0.5034835113794706, 0.5176497909893172, 0.5520204366000929, 0.5615420343706456, 0.5578262888992104, 0.5782628889921041, 0.5743149094287041, 0.5882489549465861, 0.5949837436135624, 0.5989317231769624, 0.5908035299581978, 0.6047375754760799, 0.6084533209475151, 0.5959126799814213, 0.6075243845796563, 0.614723641430562, 0.6156525777984209, 0.6089177891314445, 0.6186716209939619, 0.6072921504876916, 0.6179749187180679, 0.6156525777984209, 0.6142591732466326, 0.6200650255457502, 0.6265675801207617, 0.6230840687412912, 0.6298188574082675, 0.6251741755689735, 0.6274965164886205, 0.6295866233163029, 0.6316767301439852, 0.6344635392475615, 0.6342313051555969, 0.6360891778913145, 0.6335346028797028, 0.6384115188109615, 0.6405016256386438, 0.635624709707385, 0.6467719461216906, 0.6416627960984672, 0.6393404551788202, 0.6393404551788202, 0.6391082210868555, 0.6386437529029262, 0.6391082210868555, 0.6367858801672085, 0.6342313051555969]}