{"train_loss": [1.9910917989114305, 1.791250367333243, 1.7177596632410297, 1.6576440815348579, 1.6137416294518638, 1.5869927369184837, 1.5525400869935153, 1.5274153343992136, 1.506491812429423, 1.4824031576027574, 1.4644856258957513, 1.4435107426257845, 1.426050151107165, 1.4058260956401831, 1.4018158443745046, 1.3753123693288762, 1.3616643977185738, 1.3526850719850132, 1.3338131931078892, 1.3173713686622244, 1.3098287532277093, 1.2941137035523302, 1.2861513790671797, 1.2758613975645112, 1.2694841486818649, 1.2552333358115448, 1.2477323682377661, 1.235520651407605, 1.2286951896700073, 1.2160514040090595, 1.2132139527074226, 1.2025024842928702, 1.1958417116323123, 1.1978165839278532, 1.1793923660442927, 1.179620736491283, 1.1720228271396835, 1.1683672753967222, 1.1703132222882207, 1.1622074007308958, 1.1563054417819365, 1.1573964853841292, 1.151204884982874, 1.1505770032969487, 1.1506086173020624], "train_acc": [0.25144449452936113, 0.4060566323812646, 0.4622382493955661, 0.5046510674917019, 0.5237061017088063, 0.5428840716305372, 0.5617342130065975, 0.5782895545629636, 0.5901733393435233, 0.6036962668524362, 0.6122198090398722, 0.6232430438880465, 0.6320534360529443, 0.6441421136745482, 0.647748227676925, 0.6618858337089703, 0.6677867475310413, 0.6745891898537065, 0.6813096750399541, 0.6887677744539605, 0.6932754169569315, 0.7022087448264558, 0.7092160799901651, 0.7137647010613449, 0.7190509363602836, 0.7270827357292137, 0.7291726427078637, 0.7352374708027701, 0.7401139204196205, 0.7461377699463181, 0.7489243125845183, 0.7538007622013687, 0.7584313404089661, 0.7572019833627013, 0.763430725730443, 0.7683481539155022, 0.7689218538704258, 0.77121665369012, 0.774535917715035, 0.7785518173995001, 0.7755603819202557, 0.7771175675121911, 0.7808466172191943, 0.7840839241076917, 0.784247838380527], "val_loss": [1.8468970669960345, 1.7314343794633553, 1.6518227830356185, 1.6342394798232742, 1.6224144245378926, 1.5864788150432994, 1.5832299274784767, 1.5535667824069677, 1.5411735129145983, 1.5313848953605862, 1.5112507129568196, 1.5258352278112757, 1.5073545942514706, 1.5160489936125205, 1.4965628119219307, 1.5049629217516363, 1.497965498353734, 1.4974703220672183, 1.4986347018205117, 1.511049661368367, 1.4914524563511637, 1.499138710391394, 1.5007236264109667, 1.4938113590312236, 1.4919599566523885, 1.5020739178407265, 1.4981089632731508, 1.5007030328262478, 1.4925053672241269, 1.505721759973323, 1.5062862574306688, 1.507366930004391, 1.506954597751318, 1.5069214476024169, 1.5131832858987924, 1.5063234247056152, 1.5137811140077257, 1.5113741613464249, 1.5128811761162417, 1.5081194146976213, 1.5065355480298628, 1.511409068461966, 1.5132771568192032, 1.516496177279999, 1.5143705917080226], "val_acc": [0.3973525313516024, 0.48235020901068276, 0.5290292614955876, 0.5308871342313052, 0.5582907570831398, 0.5445889456572225, 0.5455178820250813, 0.5745471435206688, 0.5952159777055271, 0.5993961913608917, 0.6068276823037622, 0.6033441709242917, 0.6114723641430562, 0.6112401300510915, 0.6265675801207617, 0.6342313051555969, 0.6288899210404088, 0.6351602415234556, 0.6300510915002322, 0.6300510915002322, 0.6409660938225732, 0.6402693915466791, 0.6388759869948909, 0.6442173711100789, 0.6418950301904319, 0.6388759869948909, 0.6423594983743613, 0.6465397120297259, 0.6467719461216906, 0.6432884347422202, 0.6439851370181142, 0.6398049233627496, 0.6490942870413376, 0.6442173711100789, 0.6442173711100789, 0.6453785415699025, 0.6430562006502555, 0.6467719461216906, 0.6439851370181142, 0.6430562006502555, 0.6421272642823966, 0.6467719461216906, 0.6442173711100789, 0.6446818392940084, 0.6477008824895495]}