{
  "CustomCNN_MMEF": {
    "display_name": "Custom CNN (MMEF + CBAM)",
    "accuracy": 0.5915296740039008,
    "f1_weighted": 0.5790990757338926,
    "inference_time_ms": 1.1856231758540705,
    "per_class_accuracy": [
      0.5,
      0.5855855855855856,
      0.1943359375,
      0.8038331454340474,
      0.6845093268450932,
      0.4715316760224539,
      0.776173285198556
    ],
    "classification_report": {
      "angry": {
        "precision": 0.5031512605042017,
        "recall": 0.5,
        "f1-score": 0.5015706806282723,
        "support": 958.0
      },
      "disgust": {
        "precision": 0.3551912568306011,
        "recall": 0.5855855855855856,
        "f1-score": 0.4421768707482993,
        "support": 111.0
      },
      "fear": {
        "precision": 0.4853658536585366,
        "recall": 0.1943359375,
        "f1-score": 0.2775453277545328,
        "support": 1024.0
      },
      "happy": {
        "precision": 0.8228505481823427,
        "recall": 0.8038331454340474,
        "f1-score": 0.8132306814941546,
        "support": 1774.0
      },
      "neutral": {
        "precision": 0.4856156501726122,
        "recall": 0.6845093268450932,
        "f1-score": 0.568158869067654,
        "support": 1233.0
      },
      "sad": {
        "precision": 0.4792176039119804,
        "recall": 0.4715316760224539,
        "f1-score": 0.47534357316087306,
        "support": 1247.0
      },
      "surprise": {
        "precision": 0.6898395721925134,
        "recall": 0.776173285198556,
        "f1-score": 0.7304643261608154,
        "support": 831.0
      },
      "accuracy": 0.5915296740039008,
      "macro avg": {
        "precision": 0.5458902493503983,
        "recall": 0.5737098509408194,
        "f1-score": 0.5440700470020859,
        "support": 7178.0
      },
      "weighted avg": {
        "precision": 0.5917806877857466,
        "recall": 0.5915296740039008,
        "f1-score": 0.5790990757338926,
        "support": 7178.0
      }
    }
  },
  "ANN": {
    "display_name": "Artificial Neural Network (ANN/MLP)",
    "accuracy": 0.3011981053218167,
    "f1_weighted": 0.32266542360814243,
    "inference_time_ms": 0.12626286568034487,
    "per_class_accuracy": [
      0.20668058455114824,
      0.6126126126126126,
      0.0146484375,
      0.48647125140924463,
      0.2895377128953771,
      0.2269446672012831,
      0.4548736462093863
    ],
    "classification_report": {
      "angry": {
        "precision": 0.24444444444444444,
        "recall": 0.20668058455114824,
        "f1-score": 0.2239819004524887,
        "support": 958.0
      },
      "disgust": {
        "precision": 0.030811055731762575,
        "recall": 0.6126126126126126,
        "f1-score": 0.058671268334771355,
        "support": 111.0
      },
      "fear": {
        "precision": 0.1744186046511628,
        "recall": 0.0146484375,
        "f1-score": 0.02702702702702703,
        "support": 1024.0
      },
      "happy": {
        "precision": 0.5906913073237509,
        "recall": 0.48647125140924463,
        "f1-score": 0.5335394126738795,
        "support": 1774.0
      },
      "neutral": {
        "precision": 0.38846572361262244,
        "recall": 0.2895377128953771,
        "f1-score": 0.33178438661710036,
        "support": 1233.0
      },
      "sad": {
        "precision": 0.3309941520467836,
        "recall": 0.2269446672012831,
        "f1-score": 0.269267364414843,
        "support": 1247.0
      },
      "surprise": {
        "precision": 0.45,
        "recall": 0.4548736462093863,
        "f1-score": 0.4524236983842011,
        "support": 831.0
      },
      "accuracy": 0.3011981053218167,
      "macro avg": {
        "precision": 0.3156893268300753,
        "recall": 0.32739555891129307,
        "f1-score": 0.270956436843473,
        "support": 7178.0
      },
      "weighted avg": {
        "precision": 0.3802962914650084,
        "recall": 0.3011981053218167,
        "f1-score": 0.32266542360814243,
        "support": 7178.0
      }
    }
  },
  "MobileNetV3": {
    "display_name": "MobileNetV3-Small",
    "accuracy": 0.6306770688213987,
    "f1_weighted": 0.6294218359462969,
    "inference_time_ms": 2.3264643474354587,
    "per_class_accuracy": [
      0.5396659707724426,
      0.7117117117117117,
      0.416015625,
      0.8122886133032694,
      0.6553122465531225,
      0.49238171611868486,
      0.7725631768953068
    ],
    "classification_report": {
      "angry": {
        "precision": 0.5712707182320442,
        "recall": 0.5396659707724426,
        "f1-score": 0.5550187869028449,
        "support": 958.0
      },
      "disgust": {
        "precision": 0.35909090909090907,
        "recall": 0.7117117117117117,
        "f1-score": 0.4773413897280967,
        "support": 111.0
      },
      "fear": {
        "precision": 0.5365239294710328,
        "recall": 0.416015625,
        "f1-score": 0.46864686468646866,
        "support": 1024.0
      },
      "happy": {
        "precision": 0.8412142440163456,
        "recall": 0.8122886133032694,
        "f1-score": 0.8264984227129337,
        "support": 1774.0
      },
      "neutral": {
        "precision": 0.5393858477970628,
        "recall": 0.6553122465531225,
        "f1-score": 0.5917246429879165,
        "support": 1233.0
      },
      "sad": {
        "precision": 0.5261353898886033,
        "recall": 0.49238171611868486,
        "f1-score": 0.5086992543496272,
        "support": 1247.0
      },
      "surprise": {
        "precision": 0.7287173666288309,
        "recall": 0.7725631768953068,
        "f1-score": 0.75,
        "support": 831.0
      },
      "accuracy": 0.6306770688213987,
      "macro avg": {
        "precision": 0.5860483435892612,
        "recall": 0.628562722907791,
        "f1-score": 0.5968470516239839,
        "support": 7178.0
      },
      "weighted avg": {
        "precision": 0.6346571085026678,
        "recall": 0.6306770688213987,
        "f1-score": 0.6294218359462969,
        "support": 7178.0
      }
    }
  },
  "EfficientNetB2": {
    "display_name": "EfficientNet-B2",
    "accuracy": 0.65784341042073,
    "f1_weighted": 0.6557486814089613,
    "inference_time_ms": 27.056426515682855,
    "per_class_accuracy": [
      0.5511482254697286,
      0.6756756756756757,
      0.435546875,
      0.8568207440811725,
      0.6788321167883211,
      0.5340817963111467,
      0.7821901323706378
    ],
    "classification_report": {
      "angry": {
        "precision": 0.579582875960483,
        "recall": 0.5511482254697286,
        "f1-score": 0.565008025682183,
        "support": 958.0
      },
      "disgust": {
        "precision": 0.5033557046979866,
        "recall": 0.6756756756756757,
        "f1-score": 0.5769230769230769,
        "support": 111.0
      },
      "fear": {
        "precision": 0.5533498759305211,
        "recall": 0.435546875,
        "f1-score": 0.48743169398907105,
        "support": 1024.0
      },
      "happy": {
        "precision": 0.8544125913434514,
        "recall": 0.8568207440811725,
        "f1-score": 0.8556149732620321,
        "support": 1774.0
      },
      "neutral": {
        "precision": 0.5663058186738836,
        "recall": 0.6788321167883211,
        "f1-score": 0.6174843231279971,
        "support": 1233.0
      },
      "sad": {
        "precision": 0.5401459854014599,
        "recall": 0.5340817963111467,
        "f1-score": 0.5370967741935484,
        "support": 1247.0
      },
      "surprise": {
        "precision": 0.7907542579075426,
        "recall": 0.7821901323706378,
        "f1-score": 0.7864488808227466,
        "support": 831.0
      },
      "accuracy": 0.65784341042073,
      "macro avg": {
        "precision": 0.626843872845047,
        "recall": 0.6448993665280974,
        "f1-score": 0.6322868211429507,
        "support": 7178.0
      },
      "weighted avg": {
        "precision": 0.6578998321161107,
        "recall": 0.65784341042073,
        "f1-score": 0.6557486814089613,