{
  "ANN": {
    "display_name": "Artificial Neural Network (ANN/MLP)",
    "accuracy": 0.31331847311228755,
    "f1_weighted": 0.3349271410031394,
    "inference_time_ms": 0.05514806411033156,
    "per_class_accuracy": [
      0.20041753653444677,
      0.6216216216216216,
      0.02734375,
      0.46561443066516345,
      0.33495539334955393,
      0.25020048115477145,
      0.49217809867629364
    ],
    "classification_report": {
      "angry": {
        "precision": 0.26629680998613037,
        "recall": 0.20041753653444677,
        "f1-score": 0.22870756402620607,
        "support": 958.0
      },
      "disgust": {
        "precision": 0.0333494441759304,
        "recall": 0.6216216216216216,
        "f1-score": 0.06330275229357799,
        "support": 111.0
      },
      "fear": {
        "precision": 0.22950819672131148,
        "recall": 0.02734375,
        "f1-score": 0.04886561954624782,
        "support": 1024.0
      },
      "happy": {
        "precision": 0.6020408163265306,
        "recall": 0.46561443066516345,
        "f1-score": 0.5251112523839797,
        "support": 1774.0
      },
      "neutral": {
        "precision": 0.361013986013986,
        "recall": 0.33495539334955393,
        "f1-score": 0.3474968447623054,
        "support": 1233.0
      },
      "sad": {
        "precision": 0.34098360655737703,
        "recall": 0.25020048115477145,
        "f1-score": 0.28862164662349676,
        "support": 1247.0
      },
      "surprise": {
        "precision": 0.48982035928143713,
        "recall": 0.49217809867629364,
        "f1-score": 0.4909963985594238,
        "support": 831.0
      },
      "accuracy": 0.31331847311228755,
      "macro avg": {
        "precision": 0.33185903129467187,
        "recall": 0.34176161600026445,
        "f1-score": 0.28472886831360533,
        "support": 7178.0
      },
      "weighted avg": {
        "precision": 0.39554589782269395,
        "recall": 0.31331847311228755,
        "f1-score": 0.3349271410031394,
        "support": 7178.0
      }
    }
  },
  "CustomCNN": {
    "display_name": "Custom CNN",
    "accuracy": 0.4488715519643355,
    "f1_weighted": 0.4293874598166548,
    "inference_time_ms": 0.21373033191407748,
    "per_class_accuracy": [
      0.2045929018789144,
      0.7477477477477478,
      0.029296875,
      0.7395715896279594,
      0.5255474452554745,
      0.24779470729751404,
      0.7749699157641395
    ],
    "classification_report": {
      "angry": {
        "precision": 0.38735177865612647,
        "recall": 0.2045929018789144,
        "f1-score": 0.2677595628415301,
        "support": 958.0
      },
      "disgust": {
        "precision": 0.07106164383561644,
        "recall": 0.7477477477477478,
        "f1-score": 0.12978889757623144,
        "support": 111.0
      },
      "fear": {
        "precision": 0.21739130434782608,
        "recall": 0.029296875,
        "f1-score": 0.05163511187607573,
        "support": 1024.0
      },
      "happy": {
        "precision": 0.6700715015321757,
        "recall": 0.7395715896279594,
        "f1-score": 0.7031082529474812,
        "support": 1774.0
      },
      "neutral": {
        "precision": 0.4260355029585799,
        "recall": 0.5255474452554745,
        "f1-score": 0.47058823529411764,
        "support": 1233.0
      },
      "sad": {
        "precision": 0.40551181102362205,
        "recall": 0.24779470729751404,
        "f1-score": 0.30761572921851665,
        "support": 1247.0
      },
      "surprise": {
        "precision": 0.5724444444444444,
        "recall": 0.7749699157641395,
        "f1-score": 0.6584867075664622,
        "support": 831.0
      },
      "accuracy": 0.4488715519643355,
      "macro avg": {
        "precision": 0.3928382838283416,
        "recall": 0.4670744546531072,
        "f1-score": 0.36985464247434496,
        "support": 7178.0
      },
      "weighted avg": {
        "precision": 0.45931495160438773,
        "recall": 0.4488715519643355,
        "f1-score": 0.4293874598166548,
        "support": 7178.0
      }
    }
  },
  "MobileNetV3": {
    "display_name": "MobileNetV3-Small",
    "accuracy": 0.6301198105321817,
    "f1_weighted": 0.6278434016375649,
    "inference_time_ms": 0.5803301195541641,
    "per_class_accuracy": [
      0.5292275574112735,
      0.7027027027027027,
      0.408203125,
      0.8320180383314544,
      0.6220600162206001,
      0.5020048115477145,
      0.7833935018050542
    ],
    "classification_report": {
      "angry": {
        "precision": 0.5614617940199336,
        "recall": 0.5292275574112735,
        "f1-score": 0.5448683503492746,
        "support": 958.0
      },
      "disgust": {
        "precision": 0.3577981651376147,
        "recall": 0.7027027027027027,
        "f1-score": 0.47416413373860183,
        "support": 111.0
      },
      "fear": {
        "precision": 0.5072815533980582,
        "recall": 0.408203125,
        "f1-score": 0.4523809523809524,
        "support": 1024.0
      },
      "happy": {
        "precision": 0.834841628959276,
        "recall": 0.8320180383314544,
        "f1-score": 0.8334274421230943,
        "support": 1774.0
      },
      "neutral": {
        "precision": 0.5656342182890856,
        "recall": 0.6220600162206001,
        "f1-score": 0.5925067593665508,
        "support": 1233.0
      },
      "sad": {
        "precision": 0.5221017514595496,
        "recall": 0.5020048115477145,
        "f1-score": 0.5118560915780866,
        "support": 1247.0
      },
      "surprise": {
        "precision": 0.7153846153846154,
        "recall": 0.7833935018050542,
        "f1-score": 0.7478460654796094,
        "support": 831.0
      },
      "accuracy": 0.6301198105321817,
      "macro avg": {
        "precision": 0.580643389521162,
        "recall": 0.6256585361455428,
        "f1-score": 0.5938642564308815,
        "support": 7178.0
      },
      "weighted avg": {
        "precision": 0.629845896636926,
        "recall": 0.6301198105321817,
        "f1-score": 0.6278434016375649,
        "support": 7178.0
      }
    }
  },
  "EfficientNetB0": {
    "display_name": "EfficientNet-B0",
    "accuracy": 0.6471161883533018,
    "f1_weighted": 0.6478875006302792,
    "inference_time_ms": 0.6159595474621552,
    "per_class_accuracy": [
      0.5824634655532359,
      0.7567567567567568,
      0.46484375,
      0.8291995490417137,
      0.6293592862935928,
      0.5028067361668003,
      0.7858002406738869
    ],
    "classification_report": {
      "angry": {
        "precision": 0.5519287833827893,
        "recall": 0.5824634655532359,
        "f1-score": 0.5667851701371255,
        "support": 958.0
      },
      "disgust": {
        "precision": 0.45901639344262296,
        "recall": 0.7567567567567568,
        "f1-score": 0.5714285714285714,
        "support": 111.0
      },
      "fear": {
        "precision": 0.5107296137339056,
        "recall": 0.46484375,
        "f1-score": 0.4867075664621677,
        "support": 1024.0
      },
      "happy": {
        "precision": 0.8856110776640578,
        "recall": 0.8291995490417137,
        "f1-score": 0.8564774381368268,
        "support": 1774.0
      },
      "neutral": {
        "precision": 0.5808383233532934,
        "recall": 0.6293592862935928,
        "f1-score": 0.6041261191124951,
        "support": 1233.0
      },
      "sad": {
        "precision": 0.5273338940285954,
        "recall": 0.5028067361668003,
        "f1-score": 0.5147783251231527,
        "support": 1247.0
      },
      "surprise": {
        "precision": 0.754041570438799,
        "recall": 0.7858002406738869,
        "f1-score": 0.769593400117855,
        "support": 831.0
      },
      "accuracy": 0.6471161883533018,
      "macro avg": {
        "precision": 0.6099285222920091,
        "recall": 0.650175683497998,
        "f1-score": 0.6242709415025992,
        "support": 7178.0
      },
      "weighted avg": {
        "precision": 0.6511740504284358,
        "recall": 0.6471161883533018,