{"train_loss": [2.349439063277571, 2.2222087072289507, 2.1664851994239536, 2.129405129958737, 2.097097082772724, 2.058243235725753, 2.031030579076968, 2.001489898110444, 1.9766634999692076, 1.9666808673760316, 1.9446294562413997, 1.9288826133952504, 1.8991643008025891, 1.8831410114625358, 1.8704102638241347, 1.8553475029804725, 1.8403636892667556, 1.829562079704712, 1.8238493483247207, 1.8052806746288972, 1.8015832513813816, 1.7912392958712295, 1.7894668168661678, 1.7789276091724089, 1.7701184082894923, 1.7617581119763237, 1.7541014809386288, 1.7469671337261496, 1.744454142095046, 1.7360993238744622, 1.7307716686989505, 1.7291569687502113, 1.7275579590164911, 1.7193568524623393, 1.7177738761460248, 1.7126744126402071, 1.7124209613510464, 1.7106517596610797, 1.704313235112313, 1.7022182358408915, 1.7032712139575465, 1.697330370084363, 1.7006333075756568, 1.7032625003021837, 1.70013191214117, 1.6943618090862145, 1.6933849544811994, 1.6936056997689761, 1.6948910599306304, 1.6901631255435714], "train_acc": [0.12773019710691308, 0.1253124615825923, 0.128221939925419, 0.13912223906896692, 0.1537515879195181, 0.1869442281686678, 0.20329467688398967, 0.23075031758390363, 0.24447813793386058, 0.26377904356021803, 0.276318485432119, 0.2962340695816088, 0.31795271073228704, 0.32938573126254966, 0.336884809244765, 0.35151415809531616, 0.3614309716018522, 0.3771257632258329, 0.3738064992009179, 0.38179732000163913, 0.3938040404868254, 0.3958119903290579, 0.40228660410605255, 0.40634348235872636, 0.408556325042003, 0.4179813957300332, 0.4236364381428513, 0.4314633446707372, 0.4320370446256608, 0.4372413227881818, 0.4354382657869934, 0.44076547965414087, 0.44379789370159406, 0.44560095070278244, 0.4450682293160677, 0.45109207884276525, 0.45297709298037125, 0.4522394787526124, 0.45539482850469204, 0.45375568577633896, 0.45887800680244234, 0.45871409252960704, 0.46051714953079537, 0.4589189853706511, 0.4560914641642421, 0.4590828996434865, 0.4678523132401754, 0.4642871778060075, 0.4594517067573659, 0.46563947055689875], "val_loss": [2.1291258484609616, 2.1189978612172453, 2.0989511617659637, 2.104504205435307, 2.048105891228165, 2.025548533844051, 2.0278319993575007, 1.9999725547326315, 1.9556604559012916, 1.971617038450405, 1.943561397371766, 1.8924519109880986, 1.874224919526454, 1.8902443508408648, 1.8519127040035603, 1.8464682342504493, 1.8418315218262378, 1.819359174286328, 1.8150647725828626, 1.8028996381657765, 1.793619020672881, 1.7758062019826533, 1.78944325114869, 1.754197797606947, 1.7746871094121193, 1.7467906853790567, 1.765317966148458, 1.7595369202338758, 1.7471572138019567, 1.7506135727049195, 1.7415395397615057, 1.7289649997818375, 1.7469611936982044, 1.7352178255680046, 1.726842102426404, 1.741778922424281, 1.7244316790749514, 1.7254056923897723, 1.7291958726288494, 1.733096761422217, 1.7253707865477161, 1.7190828264673201, 1.7233096156848955, 1.7151776903792975, 1.719030779901904, 1.7196057732028847, 1.7182620623141625, 1.7170235168308199, 1.7185506299103464, 1.7176576294126036], "val_acc": [0.07849512308406874, 0.12052949372967951, 0.12145843009753832, 0.227124941941477, 0.1732466326056665, 0.26706920575940546, 0.22480260102183, 0.3179284718996749, 0.3927078495123084, 0.26590803529958196, 0.35067347886669764, 0.29331165815141663, 0.39642359498374363, 0.42011147236414303, 0.41895030190431953, 0.3966558290757083, 0.42847189967487226, 0.41477008824895495, 0.444960520204366, 0.4372967951695309, 0.4433348815606131, 0.4621458430097538, 0.46423594983743616, 0.4407803065490014, 0.46748722712494195, 0.4568044588945657, 0.47886669763121226, 0.46493265211333024, 0.47398978169995354, 0.4923362749651649, 0.46725499303297724, 0.48583372039015327, 0.4849047840222945, 0.4886205294937297, 0.488388295401765, 0.49489084997677657, 0.4839758476544357, 0.4990710636321412, 0.4918718067812355, 0.5109150023223409, 0.5030190431955411, 0.4997677659080353, 0.5004644681839294, 0.4874593590339062, 0.4962842545285648, 0.5009289363678588, 0.4951230840687413, 0.4955875522526707, 0.4962842545285648, 0.4983743613562471]}