{"train_loss": [2.360561612384835, 2.223552269744701, 2.1648930980695815, 2.1298456181855747, 2.103167140112106, 2.071595216918049, 2.0476470022901463, 2.020068448737758, 1.998846993301558, 1.9807299618075598, 1.9628808858604385, 1.9426839821495854, 1.9276680729748044, 1.9080069412126242, 1.8938874968572634, 1.8758971291634166, 1.8645672382441025, 1.8558121860376593, 1.8388871515949587, 1.8266032673572705, 1.81729568961956, 1.8075950401403698, 1.8023833630686144, 1.7967709880996199, 1.7861866551247092, 1.7798308612958078, 1.769533438818946, 1.7686076473663153, 1.7626410391869733, 1.754324307286563, 1.7515834135114865, 1.7511736015968087, 1.7431023352821162, 1.7327355603402264, 1.733465643792359, 1.7329032925930647, 1.7260441085635037, 1.7281523581992817, 1.7255133073925801, 1.7256197193062355, 1.7257642433525417, 1.7212401216051518, 1.7180722225534522, 1.7145024339073052, 1.705886403737496, 1.71774822803998, 1.7153772217462488, 1.7109742504267675, 1.7086272026404823, 1.7104784210251036], "train_acc": [0.12154243330738024, 0.12359136171782158, 0.127279432856616, 0.13621276072614022, 0.15502192353399172, 0.17460967913781092, 0.19087817071671515, 0.21386714748186697, 0.2359136171782158, 0.24103593820431915, 0.26213990083186495, 0.2812359136171782, 0.2945949268532557, 0.310617547022907, 0.32364873171331393, 0.33807318772282097, 0.34299061590788016, 0.3504896938900955, 0.3617588001475228, 0.3719214850633119, 0.37835512027209767, 0.3921648977584723, 0.3892144408474368, 0.39560709748801376, 0.40126213990083187, 0.4056058681309675, 0.41605540302421834, 0.4162602958652625, 0.41716182436585664, 0.42171044543703645, 0.42498873089374256, 0.42617710937179853, 0.4292914805556694, 0.4376101299020612, 0.4381838298569848, 0.4362988157193788, 0.44133917960906444, 0.4371593656517641, 0.4478547719542679, 0.4450682293160677, 0.4426504937917469, 0.4502725074785887, 0.4455189935663648, 0.44805966479531206, 0.45478014998155963, 0.44994467893291806, 0.4512150145473917, 0.4460107363848707, 0.4512150145473917, 0.4517887145023153], "val_loss": [2.1873969568854092, 2.144095655933846, 2.1068204511225197, 2.0879993001306216, 2.060638582213668, 2.1207663856768573, 1.9995190429510319, 2.0089002395307416, 1.996089076198537, 1.9466947074053844, 1.9330100049764347, 1.9090950042770676, 1.9076662256282482, 1.8861294261699382, 1.8686194941436087, 1.8567210280280637, 1.8483575785154527, 1.8393568291644191, 1.8168275593271712, 1.825197614075359, 1.837985943042562, 1.803263163322966, 1.7993108296582603, 1.8074349544239885, 1.7790199278456302, 1.782915654428272, 1.7707420017793463, 1.7672606792441092, 1.7744092445178636, 1.755118065582449, 1.7555416763188725, 1.7557581177546266, 1.7448711308888154, 1.7411520364834883, 1.7417810682468617, 1.7461540978064496, 1.7412433737220179, 1.737123770432532, 1.7324229680932626, 1.7309574508910615, 1.7412144563057452, 1.7323002413821895, 1.7330968599235297, 1.7320667054007566, 1.7321373275751522, 1.732848180707975, 1.732105234640452, 1.7297500116128564, 1.731053503291639, 1.7313208632063877], "val_acc": [0.02299117510450534, 0.23966558290757084, 0.18718067812354855, 0.19182535996284256, 0.23711100789595912, 0.26823037621922896, 0.21202972596377148, 0.22340919647004182, 0.2863446353924756, 0.35067347886669764, 0.25708313980492337, 0.37691593125870876, 0.3743613562470971, 0.3318625174175569, 0.3894565722248026, 0.39990710636321414, 0.3548536925220622, 0.4268462610311194, 0.40478402229447286, 0.4314909428704134, 0.4361356247097074, 0.3871342313051556, 0.3910822108685555, 0.4714352066883418, 0.42522062238736646, 0.437993497445425, 0.47166744078030653, 0.47793776126335347, 0.4528564793311658, 0.47282861124013004, 0.4839758476544357, 0.4921040408732002, 0.47050627032048303, 0.46655829075708316, 0.47724105898745933, 0.49256850905712957, 0.49256850905712957, 0.4862981885740827, 0.48327914537854155, 0.4830469112865769, 0.493032977241059, 0.4958197863446354, 0.49140733859730606, 0.48699489084997677, 0.4874593590339062, 0.49256850905712957, 0.4886205294937297, 0.49024616813748256, 0.4886205294937297, 0.4921040408732002]}