{"train_loss": [1.9057662522397618, 1.7420264445616223, 1.6747909800828404, 1.6391162330223117, 1.6051849006253354, 1.5786693482077943, 1.5606407818186359, 1.5354392672446802, 1.5185023135388185, 1.5027962005886295, 1.4895994172488813, 1.4721891911348417, 1.4549502358301563, 1.43701225321581, 1.430511237910325, 1.420870625366516, 1.4021320438470986, 1.3937932163927587, 1.3841585720122282, 1.364948361910538, 1.354149705478609, 1.346933016008917, 1.3395290036223557, 1.325100384251737, 1.3227894293677194, 1.3134963579834014, 1.301514782348881, 1.2966442552740514, 1.293808489960979, 1.2818137408206587, 1.2782269937017143, 1.2679186166908214, 1.2649688127612118, 1.2605541985977655, 1.25168136082306, 1.2454666971784192, 1.2416210446754197, 1.2459494800580915, 1.2354527425947714, 1.2296789810656816, 1.227775327315102, 1.2210704726781658, 1.2218249777528647, 1.2185822050429678, 1.2173447569379043, 1.222861047587922, 1.2178915354754452, 1.2212945050755148, 1.2184569289907736, 1.2199387975009315], "train_acc": [0.32262426750809325, 0.43674957996967584, 0.48817768307175347, 0.5075605458345286, 0.5262057943695447, 0.548621071179773, 0.5523091423185674, 0.5687825267385157, 0.5786173831086342, 0.5890259394336762, 0.601155595623489, 0.6068516166045158, 0.6151702659509076, 0.6241855509568496, 0.6286112363234029, 0.6347580215547268, 0.6465188706306602, 0.6520099987706429, 0.6556161127730197, 0.6622546408228497, 0.6728680899889358, 0.6732368971028152, 0.6790148752202598, 0.6832766463139778, 0.6901610457730607, 0.6970044666639348, 0.7029053804860058, 0.7017170020079498, 0.701676023439741, 0.7126992582879155, 0.7126992582879155, 0.7161414580174569, 0.7204851862475925, 0.7240913002499693, 0.731016678277261, 0.7299512355038315, 0.7367946563947055, 0.7364258492808261, 0.7387206491005204, 0.7389255419415646, 0.7442527558087121, 0.7467934270376593, 0.746875384174077, 0.7486374626070565, 0.7523255337458509, 0.7460148342416916, 0.7495389911076507, 0.7469983198787035, 0.7482276769249683, 0.7482276769249683], "val_loss": [1.829734935131507, 1.7018866170244442, 1.6578930115290038, 1.6512021315247305, 1.608151534630208, 1.5945827969273356, 1.587204722432386, 1.588116803392941, 1.5660520595447773, 1.5590912023368018, 1.5609146255257513, 1.5530745527437548, 1.5590556470726569, 1.554971043586288, 1.554281276821592, 1.5525605383441994, 1.5271728704875975, 1.5472632850318302, 1.5557939128104996, 1.5320113769975088, 1.5396152734202782, 1.5404076571803396, 1.528451843368027, 1.5312363813491516, 1.5434933066423473, 1.5325903205388764, 1.5357629923946736, 1.5478119123718432, 1.5492089085948784, 1.5405946659366307, 1.538985197565138, 1.5365367978326785, 1.543169295904086, 1.5334937060870406, 1.5415649201445838, 1.5413061317265782, 1.5387917172892172, 1.5391879828099146, 1.5354739022819708, 1.5403412628107385, 1.5407180967742877, 1.5429610596996544, 1.5402658240937988, 1.539975823882121, 1.5445898510498388, 1.5438347523344211, 1.5416674508751684, 1.543905198269537, 1.5422155771818042, 1.5406983536562142], "val_acc": [0.34161634928007434, 0.4818857408267534, 0.4934974454249884, 0.5271713887598699, 0.5308871342313052, 0.5645610775661867, 0.5824431026474687, 0.5580585229911751, 0.5866233163028333, 0.5996284254528564, 0.5687412912215514, 0.5794240594519275, 0.5905712958662331, 0.584533209475151, 0.6024152345564329, 0.5812819321876451, 0.6117045982350209, 0.5959126799814213, 0.5991639572689271, 0.6103111936832327, 0.6049698095680446, 0.6233163028332559, 0.6128657686948444, 0.610078959591268, 0.6221551323734325, 0.6207617278216442, 0.6140269391546679, 0.6281932187645146, 0.6233163028332559, 0.621690664189503, 0.62401300510915, 0.6300510915002322, 0.6295866233163029, 0.6293543892243382, 0.6316767301439852, 0.626335346028797, 0.6305155596841616, 0.6291221551323735, 0.6316767301439852, 0.626335346028797, 0.6300510915002322, 0.6307477937761263, 0.6312122619600558, 0.630980027868091, 0.6349280074314909, 0.6353924756154203, 0.6349280074314909, 0.6360891778913145, 0.6363214119832792, 0.6360891778913145]}