{"train_loss": [1.9105868138666304, 1.7413266553246858, 1.678110600577873, 1.6348931678312701, 1.6137014546120982, 1.5775835941899181, 1.554853354859185, 1.5328185927529356, 1.5210111879771915, 1.4997423363919973, 1.4797275229633302, 1.4732595192322608, 1.4566342864462338, 1.4435667217263861, 1.4313708643676248, 1.4126312669386596, 1.4045186119578252, 1.3976715867384455, 1.3829711149086967, 1.3694339748269704, 1.367062115597929, 1.3539438128095227, 1.3437054276695966, 1.3345387254597412, 1.3254013151310216, 1.3169350164305824, 1.306517567052483, 1.3012833087037774, 1.288245418313751, 1.2853739072039339, 1.281820076516196, 1.2760200579625702, 1.2688455774623566, 1.2612127821323242, 1.2574305523664586, 1.2554883752519692, 1.2470109999602395, 1.242437766286402, 1.2417905942165515, 1.2319884854975487, 1.2311560166437538, 1.228288928289929, 1.2261171548165186, 1.2268501947156982, 1.2252572698241027, 1.2200227648206643, 1.225286413053897, 1.2169916009295256, 1.223091224429598, 1.2158936881112383], "train_acc": [0.3229930746219727, 0.44543703642994714, 0.4818260049993853, 0.5156743023398762, 0.5260009015285005, 0.546244314223661, 0.5564479777076589, 0.572511576445519, 0.5806253329508667, 0.5923861820267999, 0.6023439741015449, 0.6061140023767569, 0.6173011514977667, 0.6205794369544728, 0.6271360078678851, 0.6381182641478507, 0.6417653567184363, 0.6442650493791747, 0.6529115272712371, 0.6606154980944966, 0.6648772691882145, 0.6689341474408884, 0.6770069253780273, 0.6858173175429251, 0.6874154817030693, 0.6908986600008196, 0.6985616522558702, 0.7012662377576527, 0.7092160799901651, 0.710691308445683, 0.7125353440150801, 0.7174117936319305, 0.7184362578371511, 0.7282711142072696, 0.7217555218620662, 0.7299512355038315, 0.7335573495062082, 0.7348686636888907, 0.7364258492808261, 0.7418759988526001, 0.7392533704872352, 0.7387616276687292, 0.7455230914231856, 0.7451133057410974, 0.7455640699913945, 0.7462197270827358, 0.7448264557636356, 0.7508503052903331, 0.7468344056058681, 0.7506044338810802], "val_loss": [1.8277522734692082, 1.6883452932501304, 1.6594472753132326, 1.625762096627391, 1.603225449877897, 1.5869957021486465, 1.6116157105176105, 1.5800281920324522, 1.5734049484888122, 1.5689336501660593, 1.5686877459301485, 1.561498832436866, 1.5472150799622384, 1.5589728795036957, 1.5527347877199462, 1.5514171873199845, 1.5440868684650852, 1.5548338636486019, 1.5431868268122408, 1.556468330645528, 1.5395816642076428, 1.5452711577754323, 1.5441806945920378, 1.5435544135567203, 1.5468424844896855, 1.5336729142480932, 1.5370755097060995, 1.5364725349451074, 1.5426086248268485, 1.537175319607846, 1.5399637443765728, 1.538124414249957, 1.5405374345699687, 1.5447175430797502, 1.5428327096654713, 1.5430345076269956, 1.5436713823982022, 1.540783490682833, 1.542616511742237, 1.5412149552793986, 1.5454474684807848, 1.546802433269056, 1.5439826222391833, 1.5462360583069266, 1.547167799996599, 1.5447282685383055, 1.5458170093606363, 1.5448175401284536, 1.544651157956759, 1.5443916308619619], "val_acc": [0.3190896423594984, 0.4932652113330237, 0.46307477937761266, 0.5411054342777519, 0.5617742684626104, 0.5613098002786809, 0.575243845796563, 0.5485369252206224, 0.5603808639108221, 0.5880167208546214, 0.5803529958197864, 0.5863910822108686, 0.5926614026939154, 0.6003251277287506, 0.60078959591268, 0.5945192754296331, 0.5970738504412447, 0.5887134231305156, 0.6045053413841152, 0.5993961913608917, 0.6202972596377149, 0.626335346028797, 0.6186716209939619, 0.6186716209939619, 0.6261031119368323, 0.6084533209475151, 0.621690664189503, 0.6270320483046912, 0.6200650255457502, 0.6251741755689735, 0.6182071528100325, 0.6251741755689735, 0.6270320483046912, 0.6251741755689735, 0.6235485369252206, 0.6247097073850442, 0.6242452392011147, 0.6258708778448676, 0.6314444960520205, 0.6277287505805852, 0.6244774732930795, 0.6281932187645146, 0.6261031119368323, 0.6277287505805852, 0.6277287505805852, 0.6291221551323735, 0.6258708778448676, 0.6295866233163029, 0.6251741755689735, 0.6258708778448676]}