{"train_loss": [2.01821221889289, 1.8345224352365184, 1.72731387172132, 1.645193153911158, 1.579587692360123, 1.5297003491894121, 1.4885068690293697, 1.4427983473691912, 1.412410609786522, 1.3833572643240792, 1.3478027336891423, 1.3252845851582582, 1.288215172782724, 1.2669246076965988, 1.2421812964370884, 1.2180075184886525, 1.191788744077435, 1.1646813039715571, 1.1450628073143283, 1.1245715680368775, 1.1051907423006357, 1.0809210292414575, 1.0599020838332032, 1.048906801909847, 1.0310548752227562, 1.0207236430754707, 1.0004639481783002, 0.993007536780144, 0.9806559071093168, 0.963676672853691, 0.9569925456654169, 0.9509996183240081, 0.9354874260483309, 0.933769272335415, 0.9286392399928943, 0.9225394045413139, 0.910571625324242, 0.9081913617401441, 0.9065057638311603, 0.9024786367497669, 0.8957245472547036, 0.8918580105132472, 0.8925368707600038, 0.8890776742712736, 0.8869000403762758, 0.8868609923019529, 0.8841095899248868, 0.883880496298647], "train_acc": [0.23263533172150966, 0.3706921280170471, 0.4495348932508298, 0.5007990820800722, 0.5457935499733639, 0.5761996475843134, 0.5956644674835061, 0.619841822726714, 0.6388968569438184, 0.6587304839568906, 0.6769249682416096, 0.6918411670696226, 0.7092980371265828, 0.721550629021022, 0.7360980207351555, 0.7492931196983977, 0.7663402040732696, 0.7819120599926238, 0.7925664877269188, 0.8035487440068844, 0.8133016432405852, 0.8234643281563743, 0.8367413842560341, 0.843625783715117, 0.8546080399950826, 0.8603450395443183, 0.8716551243699545, 0.8789493095111257, 0.885260009015285, 0.8912838585419826, 0.8972257509322624, 0.898987829365242, 0.9065278859156661, 0.9099700856452075, 0.9123878211695283, 0.916485677990411, 0.9233290988812851, 0.923370077449494, 0.9259927058148588, 0.9273040199975413, 0.9295168626808179, 0.9318936196369298, 0.9317706839323034, 0.9371798549358685, 0.9355407122075154, 0.9372618120722862, 0.9393926976191452, 0.9375076834815391], "val_loss": [1.9291253337957557, 1.7783881666712356, 1.6836683565220387, 1.6269184529255336, 1.5754353383281758, 1.5489825385700975, 1.5370883167039169, 1.5152395378419314, 1.5295257190743325, 1.5137342067856707, 1.522353917789415, 1.5088788430412814, 1.5171632785549067, 1.5072949419894222, 1.5221795857478673, 1.5193628091010392, 1.52221368004763, 1.5243887961104587, 1.5395279440058147, 1.537490545402169, 1.5511180295868912, 1.5583949477186438, 1.5731030956734295, 1.568344523781574, 1.5738779858993588, 1.5744199225141788, 1.5865434010085315, 1.5801230344006032, 1.6024409681489398, 1.5959979222089924, 1.5926831964553925, 1.599306947289098, 1.6120143755059213, 1.6134130076591324, 1.617330118937654, 1.6111335077786302, 1.6231786318839676, 1.61384119452624, 1.6116607573438788, 1.6155966821516385, 1.62104370823252, 1.6249122647313368, 1.6249238959700907, 1.6181737675646877, 1.622765576125188, 1.619761093571969, 1.6160751901778077, 1.6249930022541335], "val_acc": [0.37691593125870876, 0.45726892707849515, 0.4911751045053414, 0.5473757547607989, 0.570599163957269, 0.5894101254064097, 0.6052020436600093, 0.6012540640966094, 0.6140269391546679, 0.6258708778448676, 0.6305155596841616, 0.6402693915466791, 0.6381792847189968, 0.6386437529029262, 0.6342313051555969, 0.6439851370181142, 0.6481653506734789, 0.6418950301904319, 0.6451463074779378, 0.6465397120297259, 0.6460752438457965, 0.6553646075243846, 0.6490942870413376, 0.6525777984208082, 0.6555968416163492, 0.6579191825359962, 0.6593125870877845, 0.6583836507199257, 0.6555968416163492, 0.6588481189038551, 0.6623316302833256, 0.6618671620993962, 0.6639572689270785, 0.6597770552717139, 0.6616349280074315, 0.665118439386902, 0.6544356711565258, 0.6620993961913609, 0.6632605666511844, 0.6590803529958198, 0.658151416627961, 0.6565257779842081, 0.6639572689270785, 0.6611704598235021, 0.6614026939154668, 0.6576869484440316, 0.6607059916395727, 0.6569902461681375]}