{
  "ANN": {
    "best_val_acc": 0.29702740362285185,
    "train_time_min": 4.490253786245982,
    "type": "dl_mlp"
  },
  "CustomCNN": {
    "best_val_acc": 0.4396191360891779,
    "train_time_min": 6.1516310175259905,
    "type": "dl_small"
  },
  "MobileNetV3": {
    "best_val_acc": 0.6363214119832792,
    "train_time_min": 24.746155699094135,
    "type": "dl_large"
  },
  "EfficientNetB2": {
    "best_val_acc": 0.6490942870413376,
    "train_time_min": 24.890194030602775,
    "type": "dl_large"
  },
  "MiniXception": {
    "best_val_acc": 0.5109150023223409,
    "train_time_min": 8.208026560147603,
    "type": "dl_small"
  },
  "ViTTiny": {
    "best_val_acc": 0.6117045982350209,
    "train_time_min": 25.707714732487997,
    "type": "dl_large"
  },
  "ResNet50": {
    "best_val_acc": 0.665118439386902,
    "train_time_min": 32.58515374660492,
    "type": "dl_large"
  }
}