{"train_loss": [1.922021884534836, 1.7799622199234746, 1.722160575907968, 1.6753792437609016, 1.6448917056343446, 1.614923146993944, 1.59594837873191, 1.5671267844280132, 1.5456655724285147, 1.522384240862454, 1.5027386710149697, 1.4821452631675058, 1.4612727588949324, 1.4503054172734875, 1.4277086679219213, 1.4144723387237006, 1.3993898470646113, 1.3778195365679018, 1.356340631815135, 1.3548805687567527, 1.3426881061100313, 1.3199572682756824, 1.3046761893378034, 1.2982779716129347, 1.2722605386972476, 1.2676368337114663, 1.2478649184844808, 1.238979909906855, 1.2268297431610922, 1.2147119754465643, 1.2025827160429887, 1.1973127328543, 1.1803117317727994, 1.1774741091679555, 1.165486555277693, 1.1578777091589023, 1.1519406326715074, 1.1447449702882027, 1.1470059478878414, 1.134983487565542, 1.1250941604149907, 1.1255336268653646, 1.1217675301616652, 1.114314566800493, 1.1171499416876323, 1.112773120547398, 1.1118090811290835, 1.108396818651233, 1.1052392633099128, 1.1115541366095993], "train_acc": [0.2944310125804204, 0.41867803138958326, 0.4588370282342335, 0.49321804696143917, 0.51169938122362, 0.5269434085973036, 0.5376797934680162, 0.5586198418227267, 0.5717329836495513, 0.5805843543826579, 0.5914026963897882, 0.6069745523091423, 0.6161947301561284, 0.6191861656353727, 0.6338564930541327, 0.6445109207884276, 0.6503298774740811, 0.6631151907552351, 0.6735647256484858, 0.671392861533418, 0.6799983608572716, 0.69507847395812, 0.7013481948940704, 0.7049133303282383, 0.7174117936319305, 0.7226160717944515, 0.7324919067327788, 0.7370405278039586, 0.7434331844445355, 0.7506044338810802, 0.7551940335204688, 0.7621194115477605, 0.7676105396877433, 0.7670778183010286, 0.7746178748514527, 0.7824447813793386, 0.7859689382452977, 0.7891242879973773, 0.7906814735893128, 0.7937548662049748, 0.7967053231160103, 0.7980166372986928, 0.7994099086177929, 0.8065401794861288, 0.8046961439167315, 0.8056796295537434, 0.805515715280908, 0.8082203007826907, 0.811211736261935, 0.80719583657747], "val_loss": [1.8190309768823818, 1.7458081883826035, 1.7196269407972202, 1.6762026969743118, 1.7058225998034657, 1.6714699861342222, 1.6311559291202635, 1.6387709077435542, 1.622533370658956, 1.630076933394351, 1.6066055480015318, 1.6007127140601514, 1.5943950232493838, 1.5960306105810822, 1.6156619616126218, 1.5811005359575243, 1.5997842071336532, 1.6021189339704642, 1.5790098833030066, 1.5710551560451085, 1.583253123457909, 1.578780468375086, 1.5769465593089074, 1.5960156935290077, 1.5788243593197337, 1.5835880347312576, 1.585130840581459, 1.5940743900153784, 1.6089755458938095, 1.5903772638390024, 1.5942139737394538, 1.5903570061221657, 1.5974236391225196, 1.5943958501288684, 1.5976898312513295, 1.611350377216153, 1.609635975988754, 1.606964901498014, 1.6054606446542132, 1.6032713921303756, 1.6121716175974108, 1.6091889150188072, 1.6061562198403265, 1.6051296563243733, 1.6071919551075087, 1.6073187060872178, 1.6086767802834234, 1.6077368928286513, 1.6086050153498421, 1.6085298876401384], "val_acc": [0.37830933581049697, 0.45703669298653044, 0.4853692522062239, 0.5276358569437993, 0.4528564793311658, 0.5246168137482582, 0.5487691593125871, 0.5617742684626104, 0.5603808639108221, 0.568973525313516, 0.5627032048304691, 0.5754760798885277, 0.5766372503483511, 0.5615420343706456, 0.582210868555504, 0.5859266140269391, 0.5687412912215514, 0.5808174640037157, 0.5866233163028333, 0.6005573618207153, 0.5861588481189038, 0.591500232234092, 0.5921969345099861, 0.5875522526706921, 0.5963771481653507, 0.5908035299581978, 0.5975383186251741, 0.5949837436135624, 0.6024152345564329, 0.6063632141198327, 0.6058987459359034, 0.6068276823037622, 0.6058987459359034, 0.6082210868555504, 0.6005573618207153, 0.6017185322805387, 0.6014862981885741, 0.6058987459359034, 0.6084533209475151, 0.6114723641430562, 0.6103111936832327, 0.607756618671621, 0.6089177891314445, 0.6038086391082211, 0.6056665118439387, 0.605434277751974, 0.6091500232234092, 0.6091500232234092, 0.6093822573153739, 0.6070599163957269]}