{"train_loss": [1.9027472167837127, 1.7725026121941843, 1.7121046240669837, 1.6748450011819747, 1.6380273606138913, 1.6101459361820716, 1.5857350687528688, 1.5583671450551424, 1.536968743122587, 1.5127862545377342, 1.4974031449243563, 1.485888434976641, 1.4684798973962645, 1.446462375714301, 1.4319334682986242, 1.4179045209160488, 1.3960003179638805, 1.382680969614819, 1.3677090441931985, 1.3507548635725906, 1.338639254292147, 1.326117914230937, 1.30955835401008, 1.29071460666898, 1.280830525660209, 1.2660810882154265, 1.2591891126183659, 1.239310133781061, 1.2302804634629012, 1.2193535449528985, 1.2051723791439846, 1.1973358738868396, 1.1898549148764117, 1.1785715411629036, 1.1742946471033862, 1.1644000469727218, 1.1514640403263823, 1.1465021802065671, 1.1497148570479787, 1.1403014251346868, 1.1363801236319326, 1.12349459641645, 1.1216519133251222, 1.120949846298261, 1.1112890700719857, 1.1113838004766954, 1.1146822724875596, 1.1166186187763916, 1.1111348185906404], "train_acc": [0.3162725894357251, 0.4206859812318158, 0.4642052206695898, 0.49243945416547147, 0.5153054952259968, 0.5319018153505717, 0.5461213785190345, 0.5637011842806212, 0.5766094332664017, 0.589558660820391, 0.5973855673482769, 0.6068516166045158, 0.6123427447444987, 0.6237757652747613, 0.6288980863008646, 0.6417653567184363, 0.6552063270909314, 0.6580748268655493, 0.6669261975986559, 0.6740154898987829, 0.6806949965168217, 0.6863500389296397, 0.6991763307790025, 0.7074540015571856, 0.7070442158750974, 0.7180264721550629, 0.7259353358193664, 0.7329426709830759, 0.7419169774208089, 0.7441298201040856, 0.7550710978158424, 0.7582674261361309, 0.7647420399131254, 0.7710937179854935, 0.771708396508626, 0.7758882104659264, 0.7867885096094742, 0.7859279596770888, 0.7867475310412654, 0.7906814735893128, 0.7922386591812483, 0.8028521083473343, 0.79986067286809, 0.8018686227103226, 0.8075646436913494, 0.8050239724624022, 0.8069089866000082, 0.8039995082571815, 0.810515100602385], "val_loss": [1.8258763582718633, 1.7275197603400232, 1.7212773083643862, 1.6793635619057647, 1.6554656544785913, 1.633424291818905, 1.6087295800876573, 1.6200380955415719, 1.6204672802673956, 1.6092175911373168, 1.6122190705355632, 1.600542234588212, 1.612888638495956, 1.6027740941621291, 1.5856584693130868, 1.5921893545045334, 1.57053605069463, 1.5875597488475965, 1.5722416387953095, 1.5775447407269334, 1.5863453489207024, 1.571697448609986, 1.5866138569654225, 1.5724915388402305, 1.581668119567857, 1.6069865185772603, 1.5977426353189705, 1.596884989815981, 1.6036346602096594, 1.587970058916892, 1.6001437891930466, 1.6064159777127915, 1.5972583728007146, 1.5933914347354945, 1.5820703173702504, 1.6012892828284448, 1.5939035312109529, 1.5919673128345098, 1.5961809693188984, 1.6012279295777367, 1.5987756020846724, 1.6004301086448816, 1.6020497480659113, 1.6000318245393865, 1.5993641629863549, 1.6006277419221828, 1.6003765384374637, 1.6001798449368794, 1.6000575190968034], "val_acc": [0.4484440315838365, 0.48002786809103576, 0.4934974454249884, 0.518578727357176, 0.5174175568973526, 0.5575940548072457, 0.5501625638643753, 0.5483046911286577, 0.5761727821644217, 0.5699024616813748, 0.5629354389224338, 0.564328843474222, 0.5780306549001394, 0.5947515095215977, 0.5928936367858801, 0.5884811890385508, 0.5989317231769624, 0.5954482117974919, 0.582210868555504, 0.5908035299581978, 0.5921969345099861, 0.605434277751974, 0.5959126799814213, 0.6038086391082211, 0.5966093822573154, 0.6014862981885741, 0.5928936367858801, 0.6038086391082211, 0.6079888527635857, 0.6061309800278681, 0.6019507663725034, 0.6063632141198327, 0.6065954482117974, 0.6093822573153739, 0.6056665118439387, 0.6093822573153739, 0.6117045982350209, 0.6114723641430562, 0.6084533209475151, 0.6084533209475151, 0.607756618671621, 0.6082210868555504, 0.6103111936832327, 0.6075243845796563, 0.6110078959591267, 0.6093822573153739, 0.6084533209475151, 0.6086855550394797, 0.6096144914073386]}